[
  {
    "matchesWon": 2,
    "setsWon": 8,
    "gamesWon": 64,
    "ranking": 32,
    "points": 1210,
    "roundReached": 3,
    "name": "Benneteau J."
  },
  {
    "matchesWon": 0,
    "setsWon": 0,
    "gamesWon": 13,
    "ranking": 53,
    "points": 826,
    "roundReached": 1,
    "name": "Muller G."
  },
  {
    "matchesWon": 1,
    "setsWon": 3,
    "gamesWon": 26,
    "ranking": 130,
    "points": 413,
    "roundReached": 2,
    "name": "Sweeting R."
  },
  {
    "matchesWon": 0,
    "setsWon": 0,
    "gamesWon": 2,
    "ranking": 97,
    "points": 558,
    "roundReached": 1,
    "name": "Starace P."
  },
  {
    "matchesWon": 4,
    "setsWon": 12,
    "gamesWon": 96,
    "ranking": 33,
    "points": 1210,
    "roundReached": 5,
    "name": "Youzhny M."
  },
  {
    "matchesWon": 0,
    "setsWon": 1,
    "gamesWon": 14,
    "ranking": 51,
    "points": 834,
    "roundReached": 1,
    "name": "Young D."
  },
  {
    "matchesWon": 1,
    "setsWon": 3,
    "gamesWon": 37,
    "ranking": 131,
    "points": 411,
    "roundReached": 2,
    "name": "Bemelmans R."
  },
  {
    "matchesWon": 0,
    "setsWon": 1,
    "gamesWon": 21,
    "ranking": 37,
    "points": 1050,
    "roundReached": 1,
    "name": "Berlocq C."
  },
  {
    "matchesWon": 3,
    "setsWon": 10,
    "gamesWon": 66,
    "ranking": 19,
    "points": 1600,
    "roundReached": 4,
    "name": "Gasquet R."
  },
  {
    "matchesWon": 0,
    "setsWon": 0,
    "gamesWon": 6,
    "ranking": 84,
    "points": 605,
    "roundReached": 1,
    "name": "Kamke T."
  },
  {
    "matchesWon": 1,
    "setsWon": 4,
    "gamesWon": 40,
    "ranking": 112,
    "points": 500,
    "roundReached": 2,
    "name": "Russell M."
  },
  {
    "matchesWon": 0,
    "setsWon": 0,
    "gamesWon": 10,
    "ranking": 212,
    "points": 232,
    "roundReached": 1,
    "name": "Menendez-Maceiras A."
  },
  {
    "matchesWon": 2,
    "setsWon": 8,
    "gamesWon": 65,
    "ranking": 16,
    "points": 1765,
    "roundReached": 3,
    "name": "Verdasco F."
  },
  {
    "matchesWon": 0,
    "setsWon": 0,
    "gamesWon": 15,
    "ranking": 207,
    "points": 240,
    "roundReached": 1,
    "name": "Wang J."
  },
  {
    "matchesWon": 1,
    "setsWon": 4,
    "gamesWon": 43,
    "ranking": 120,
    "points": 459,
    "roundReached": 2,
    "name": "Zemlja G."
  },
  {
    "matchesWon": 0,
    "setsWon": 1,
    "gamesWon": 20,
    "ranking": 215,
    "points": 229,
    "roundReached": 1,
    "name": "Goodall J."
  },
  {
    "matchesWon": 1,
    "setsWon": 4,
    "gamesWon": 56,
    "ranking": 62,
    "points": 728,
    "roundReached": 2,
    "name": "Klizan M."
  },
  {
    "matchesWon": 0,
    "setsWon": 3,
    "gamesWon": 32,
    "ranking": 83,
    "points": 620,
    "roundReached": 1,
    "name": "Chela J.I."
  },
  {
    "matchesWon": 1,
    "setsWon": 3,
    "gamesWon": 36,
    "ranking": 124,
    "points": 441,
    "roundReached": 2,
    "name": "Becker B."
  },
  {
    "matchesWon": 0,
    "setsWon": 1,
    "gamesWon": 16,
    "ranking": 91,
    "points": 582,
    "roundReached": 1,
    "name": "Blake J."
  },
  {
    "matchesWon": 1,
    "setsWon": 3,
    "gamesWon": 34,
    "ranking": 152,
    "points": 354,
    "roundReached": 2,
    "name": "Cervantes I."
  },
  {
    "matchesWon": 0,
    "setsWon": 2,
    "gamesWon": 19,
    "ranking": 89,
    "points": 591,
    "roundReached": 1,
    "name": "Cipolla F."
  },
  {
    "matchesWon": 5,
    "setsWon": 16,
    "gamesWon": 110,
    "ranking": 1,
    "points": 12280,
    "roundReached": 6,
    "name": "Djokovic N."
  },
  {
    "matchesWon": 0,
    "setsWon": 0,
    "gamesWon": 7,
    "ranking": 38,
    "points": 1035,
    "roundReached": 1,
    "name": "Ferrero J.C."
  },
  {
    "matchesWon": 2,
    "setsWon": 7,
    "gamesWon": 59,
    "ranking": 8,
    "points": 3200,
    "roundReached": 3,
    "name": "Tipsarevic J."
  },
  {
    "matchesWon": 0,
    "setsWon": 0,
    "gamesWon": 12,
    "ranking": 40,
    "points": 1015,
    "roundReached": 1,
    "name": "Nalbandian D."
  },
  {
    "matchesWon": 1,
    "setsWon": 3,
    "gamesWon": 28,
    "ranking": 68,
    "points": 695,
    "roundReached": 2,
    "name": "Fognini F."
  },
  {
    "matchesWon": 0,
    "setsWon": 1,
    "gamesWon": 18,
    "ranking": 54,
    "points": 810,
    "roundReached": 1,
    "name": "Llodra M."
  },
  {
    "matchesWon": 3,
    "setsWon": 9,
    "gamesWon": 82,
    "ranking": 34,
    "points": 1190,
    "roundReached": 4,
    "name": "Troicki V."
  },
  {
    "matchesWon": 0,
    "setsWon": 2,
    "gamesWon": 29,
    "ranking": 23,
    "points": 1530,
    "roundReached": 1,
    "name": "Granollers M."
  },
  {
    "matchesWon": 1,
    "setsWon": 2,
    "gamesWon": 25,
    "ranking": 13,
    "points": 2525,
    "roundReached": 2,
    "name": "Simon G."
  },
  {
    "matchesWon": 0,
    "setsWon": 0,
    "gamesWon": 7,
    "ranking": 176,
    "points": 287,
    "roundReached": 1,
    "name": "Mathieu P.H."
  },
  {
    "matchesWon": 1,
    "setsWon": 5,
    "gamesWon": 40,
    "ranking": 101,
    "points": 534,
    "roundReached": 2,
    "name": "Petzschner P."
  },
  {
    "matchesWon": 0,
    "setsWon": 0,
    "gamesWon": 10,
    "ranking": 74,
    "points": 657,
    "roundReached": 1,
    "name": "Kavcic B."
  },
  {
    "matchesWon": 2,
    "setsWon": 6,
    "gamesWon": 38,
    "ranking": 27,
    "points": 1340,
    "roundReached": 3,
    "name": "Stepanek R."
  },
  {
    "matchesWon": 0,
    "setsWon": 0,
    "gamesWon": 1,
    "ranking": 85,
    "points": 603,
    "roundReached": 1,
    "name": "Stakhovsky S."
  },
  {
    "matchesWon": 2,
    "setsWon": 6,
    "gamesWon": 55,
    "ranking": 14,
    "points": 2115,
    "roundReached": 3,
    "name": "Monaco J."
  },
  {
    "matchesWon": 0,
    "setsWon": 0,
    "gamesWon": 16,
    "ranking": 61,
    "points": 738,
    "roundReached": 1,
    "name": "Mayer L."
  },
  {
    "matchesWon": 2,
    "setsWon": 7,
    "gamesWon": 75,
    "ranking": 73,
    "points": 664,
    "roundReached": 3,
    "name": "Falla A."
  },
  {
    "matchesWon": 0,
    "setsWon": 2,
    "gamesWon": 28,
    "ranking": 10,
    "points": 2655,
    "roundReached": 1,
    "name": "Isner J."
  },
  {
    "matchesWon": 1,
    "setsWon": 4,
    "gamesWon": 30,
    "ranking": 57,
    "points": 794,
    "roundReached": 2,
    "name": "Chardy J."
  },
  {
    "matchesWon": 0,
    "setsWon": 0,
    "gamesWon": 1,
    "ranking": 79,
    "points": 630,
    "roundReached": 1,
    "name": "Volandri F."
  },
  {
    "matchesWon": 4,
    "setsWon": 12,
    "gamesWon": 98,
    "ranking": 29,
    "points": 1230,
    "roundReached": 5,
    "name": "Mayer F."
  },
  {
    "matchesWon": 0,
    "setsWon": 0,
    "gamesWon": 11,
    "ranking": 129,
    "points": 430,
    "roundReached": 1,
    "name": "Tursunov D."
  },
  {
    "matchesWon": 7,
    "setsWon": 21,
    "gamesWon": 150,
    "ranking": 3,
    "points": 9435,
    "roundReached": 8,
    "name": "Federer R."
  },
  {
    "matchesWon": 0,
    "setsWon": 0,
    "gamesWon": 3,
    "ranking": 43,
    "points": 935,
    "roundReached": 1,
    "name": "Ramos A."
  },
  {
    "matchesWon": 1,
    "setsWon": 3,
    "gamesWon": 34,
    "ranking": 48,
    "points": 871,
    "roundReached": 2,
    "name": "Harrison R."
  },
  {
    "matchesWon": 0,
    "setsWon": 1,
    "gamesWon": 15,
    "ranking": 56,
    "points": 795,
    "roundReached": 1,
    "name": "Lu Y.H."
  },
  {
    "matchesWon": 1,
    "setsWon": 4,
    "gamesWon": 39,
    "ranking": 93,
    "points": 575,
    "roundReached": 2,
    "name": "Andreev I."
  },
  {
    "matchesWon": 0,
    "setsWon": 1,
    "gamesWon": 23,
    "ranking": 491,
    "points": 68,
    "roundReached": 1,
    "name": "Golding O."
  },
  {
    "matchesWon": 1,
    "setsWon": 5,
    "gamesWon": 50,
    "ranking": 87,
    "points": 596,
    "roundReached": 2,
    "name": "Gulbis E."
  },
  {
    "matchesWon": 0,
    "setsWon": 0,
    "gamesWon": 18,
    "ranking": 7,
    "points": 4685,
    "roundReached": 1,
    "name": "Berdych T."
  },
  {
    "matchesWon": 3,
    "setsWon": 10,
    "gamesWon": 78,
    "ranking": 75,
    "points": 651,
    "roundReached": 4,
    "name": "Malisse X."
  },
  {
    "matchesWon": 0,
    "setsWon": 0,
    "gamesWon": 9,
    "ranking": 72,
    "points": 673,
    "roundReached": 1,
    "name": "Matosevic M."
  },
  {
    "matchesWon": 3,
    "setsWon": 11,
    "gamesWon": 100,
    "ranking": 39,
    "points": 1032,
    "roundReached": 4,
    "name": "Istomin D."
  },
  {
    "matchesWon": 0,
    "setsWon": 2,
    "gamesWon": 26,
    "ranking": 26,
    "points": 1390,
    "roundReached": 1,
    "name": "Seppi A."
  },
  {
    "matchesWon": 1,
    "setsWon": 4,
    "gamesWon": 41,
    "ranking": 168,
    "points": 307,
    "roundReached": 2,
    "name": "Rufin G."
  },
  {
    "matchesWon": 0,
    "setsWon": 2,
    "gamesWon": 25,
    "ranking": 63,
    "points": 725,
    "roundReached": 1,
    "name": "Darcis S."
  },
  {
    "matchesWon": 2,
    "setsWon": 8,
    "gamesWon": 74,
    "ranking": 136,
    "points": 397,
    "roundReached": 3,
    "name": "Janowicz J."
  },
  {
    "matchesWon": 0,
    "setsWon": 1,
    "gamesWon": 15,
    "ranking": 118,
    "points": 461,
    "roundReached": 1,
    "name": "Bolelli S."
  },
  {
    "matchesWon": 3,
    "setsWon": 9,
    "gamesWon": 69,
    "ranking": 126,
    "points": 438,
    "roundReached": 4,
    "name": "Baker B."
  },
  {
    "matchesWon": 0,
    "setsWon": 0,
    "gamesWon": 10,
    "ranking": 96,
    "points": 561,
    "roundReached": 1,
    "name": "Machado R."
  },
  {
    "matchesWon": 1,
    "setsWon": 3,
    "gamesWon": 33,
    "ranking": 21,
    "points": 1585,
    "roundReached": 2,
    "name": "Dolgopolov O."
  },
  {
    "matchesWon": 0,
    "setsWon": 0,
    "gamesWon": 12,
    "ranking": 46,
    "points": 910,
    "roundReached": 1,
    "name": "Bogomolov A."
  },
  {
    "matchesWon": 2,
    "setsWon": 7,
    "gamesWon": 57,
    "ranking": 55,
    "points": 800,
    "roundReached": 3,
    "name": "Paire B."
  },
  {
    "matchesWon": 0,
    "setsWon": 1,
    "gamesWon": 14,
    "ranking": 76,
    "points": 647,
    "roundReached": 1,
    "name": "Ebden M."
  },
  {
    "matchesWon": 1,
    "setsWon": 4,
    "gamesWon": 38,
    "ranking": 106,
    "points": 521,
    "roundReached": 2,
    "name": "Levine J."
  },
  {
    "matchesWon": 0,
    "setsWon": 1,
    "gamesWon": 16,
    "ranking": 94,
    "points": 568,
    "roundReached": 1,
    "name": "Beck K."
  },
  {
    "matchesWon": 2,
    "setsWon": 6,
    "gamesWon": 48,
    "ranking": 20,
    "points": 1600,
    "roundReached": 3,
    "name": "Nishikori K."
  },
  {
    "matchesWon": 0,
    "setsWon": 0,
    "gamesWon": 12,
    "ranking": 52,
    "points": 833,
    "roundReached": 1,
    "name": "Kukushkin M."
  },
  {
    "matchesWon": 3,
    "setsWon": 10,
    "gamesWon": 90,
    "ranking": 12,
    "points": 2535,
    "roundReached": 4,
    "name": "Fish M."
  },
  {
    "matchesWon": 0,
    "setsWon": 0,
    "gamesWon": 17,
    "ranking": 82,
    "points": 622,
    "roundReached": 1,
    "name": "Ramirez-Hidalgo R."
  },
  {
    "matchesWon": 1,
    "setsWon": 3,
    "gamesWon": 37,
    "ranking": 78,
    "points": 633,
    "roundReached": 2,
    "name": "Jaziri M."
  },
  {
    "matchesWon": 0,
    "setsWon": 2,
    "gamesWon": 26,
    "ranking": 95,
    "points": 565,
    "roundReached": 1,
    "name": "Zopp J."
  },
  {
    "matchesWon": 1,
    "setsWon": 3,
    "gamesWon": 29,
    "ranking": 44,
    "points": 932,
    "roundReached": 2,
    "name": "Nieminen J."
  },
  {
    "matchesWon": 0,
    "setsWon": 1,
    "gamesWon": 22,
    "ranking": 17,
    "points": 1725,
    "roundReached": 1,
    "name": "Lopez F."
  },
  {
    "matchesWon": 1,
    "setsWon": 3,
    "gamesWon": 49,
    "ranking": 92,
    "points": 581,
    "roundReached": 2,
    "name": "Garcia-Lopez G."
  },
  {
    "matchesWon": 0,
    "setsWon": 3,
    "gamesWon": 31,
    "ranking": 67,
    "points": 697,
    "roundReached": 1,
    "name": "Roger-Vasselin E."
  },
  {
    "matchesWon": 2,
    "setsWon": 6,
    "gamesWon": 58,
    "ranking": 70,
    "points": 688,
    "roundReached": 3,
    "name": "Goffin D."
  },
  {
    "matchesWon": 0,
    "setsWon": 1,
    "gamesWon": 17,
    "ranking": 28,
    "points": 1255,
    "roundReached": 1,
    "name": "Tomic B."
  },
  {
    "matchesWon": 1,
    "setsWon": 5,
    "gamesWon": 54,
    "ranking": 71,
    "points": 684,
    "roundReached": 2,
    "name": "Mahut N."
  },
  {
    "matchesWon": 0,
    "setsWon": 2,
    "gamesWon": 24,
    "ranking": 86,
    "points": 598,
    "roundReached": 1,
    "name": "Lorenzi P."
  },
  {
    "matchesWon": 1,
    "setsWon": 3,
    "gamesWon": 36,
    "ranking": 137,
    "points": 392,
    "roundReached": 2,
    "name": "Serra F."
  },
  {
    "matchesWon": 0,
    "setsWon": 2,
    "gamesWon": 26,
    "ranking": 151,
    "points": 355,
    "roundReached": 1,
    "name": "Kuznetsov An."
  },
  {
    "matchesWon": 1,
    "setsWon": 4,
    "gamesWon": 33,
    "ranking": 58,
    "points": 787,
    "roundReached": 2,
    "name": "Soeda G."
  },
  {
    "matchesWon": 0,
    "setsWon": 0,
    "gamesWon": 6,
    "ranking": 116,
    "points": 468,
    "roundReached": 1,
    "name": "Kunitsyn I."
  },
  {
    "matchesWon": 2,
    "setsWon": 6,
    "gamesWon": 62,
    "ranking": 11,
    "points": 2605,
    "roundReached": 3,
    "name": "Almagro N."
  },
  {
    "matchesWon": 0,
    "setsWon": 2,
    "gamesWon": 25,
    "ranking": 66,
    "points": 700,
    "roundReached": 1,
    "name": "Rochus O."
  },
  {
    "matchesWon": 1,
    "setsWon": 3,
    "gamesWon": 32,
    "ranking": 69,
    "points": 691,
    "roundReached": 2,
    "name": "Dimitrov G."
  },
  {
    "matchesWon": 0,
    "setsWon": 1,
    "gamesWon": 21,
    "ranking": 31,
    "points": 1215,
    "roundReached": 1,
    "name": "Anderson K."
  },
  {
    "matchesWon": 5,
    "setsWon": 16,
    "gamesWon": 125,
    "ranking": 6,
    "points": 5230,
    "roundReached": 6,
    "name": "Tsonga J.W."
  },
  {
    "matchesWon": 0,
    "setsWon": 0,
    "gamesWon": 11,
    "ranking": 202,
    "points": 245,
    "roundReached": 1,
    "name": "Hewitt L."
  },
  {
    "matchesWon": 1,
    "setsWon": 5,
    "gamesWon": 49,
    "ranking": 173,
    "points": 297,
    "roundReached": 2,
    "name": "Ward J."
  },
  {
    "matchesWon": 0,
    "setsWon": 2,
    "gamesWon": 18,
    "ranking": 36,
    "points": 1115,
    "roundReached": 1,
    "name": "Andujar P."
  },
  {
    "matchesWon": 2,
    "setsWon": 6,
    "gamesWon": 56,
    "ranking": 60,
    "points": 763,
    "roundReached": 3,
    "name": "Lacko L."
  },
  {
    "matchesWon": 0,
    "setsWon": 0,
    "gamesWon": 10,
    "ranking": 81,
    "points": 625,
    "roundReached": 1,
    "name": "Ungur A."
  },
  {
    "matchesWon": 1,
    "setsWon": 5,
    "gamesWon": 44,
    "ranking": 2,
    "points": 10060,
    "roundReached": 2,
    "name": "Nadal R."
  },
  {
    "matchesWon": 0,
    "setsWon": 0,
    "gamesWon": 11,
    "ranking": 80,
    "points": 627,
    "roundReached": 1,
    "name": "Bellucci T."
  },
  {
    "matchesWon": 4,
    "setsWon": 13,
    "gamesWon": 106,
    "ranking": 30,
    "points": 1220,
    "roundReached": 5,
    "name": "Kohlschreiber P."
  },
  {
    "matchesWon": 0,
    "setsWon": 2,
    "gamesWon": 27,
    "ranking": 50,
    "points": 848,
    "roundReached": 1,
    "name": "Haas T."
  },
  {
    "matchesWon": 2,
    "setsWon": 6,
    "gamesWon": 60,
    "ranking": 100,
    "points": 553,
    "roundReached": 3,
    "name": "Rosol L."
  },
  {
    "matchesWon": 0,
    "setsWon": 1,
    "gamesWon": 21,
    "ranking": 99,
    "points": 555,
    "roundReached": 1,
    "name": "Dodig I."
  },
  {
    "matchesWon": 2,
    "setsWon": 6,
    "gamesWon": 46,
    "ranking": 42,
    "points": 945,
    "roundReached": 3,
    "name": "Baghdatis M."
  },
  {
    "matchesWon": 0,
    "setsWon": 0,
    "gamesWon": 10,
    "ranking": 90,
    "points": 585,
    "roundReached": 1,
    "name": "Montanes A."
  },
  {
    "matchesWon": 3,
    "setsWon": 9,
    "gamesWon": 92,
    "ranking": 18,
    "points": 1655,
    "roundReached": 4,
    "name": "Cilic M."
  },
  {
    "matchesWon": 0,
    "setsWon": 1,
    "gamesWon": 15,
    "ranking": 77,
    "points": 645,
    "roundReached": 1,
    "name": "Stebe C.M."
  },
  {
    "matchesWon": 3,
    "setsWon": 9,
    "gamesWon": 69,
    "ranking": 9,
    "points": 3180,
    "roundReached": 4,
    "name": "Del Potro J.M."
  },
  {
    "matchesWon": 0,
    "setsWon": 1,
    "gamesWon": 21,
    "ranking": 41,
    "points": 1010,
    "roundReached": 1,
    "name": "Haase R."
  },
  {
    "matchesWon": 1,
    "setsWon": 3,
    "gamesWon": 30,
    "ranking": 160,
    "points": 331,
    "roundReached": 2,
    "name": "De Schepper K."
  },
  {
    "matchesWon": 0,
    "setsWon": 0,
    "gamesWon": 8,
    "ranking": 110,
    "points": 507,
    "roundReached": 1,
    "name": "Bachinger M."
  },
  {
    "matchesWon": 2,
    "setsWon": 8,
    "gamesWon": 90,
    "ranking": 64,
    "points": 705,
    "roundReached": 3,
    "name": "Querrey S."
  },
  {
    "matchesWon": 0,
    "setsWon": 1,
    "gamesWon": 19,
    "ranking": 104,
    "points": 522,
    "roundReached": 1,
    "name": "Pospisil V."
  },
  {
    "matchesWon": 6,
    "setsWon": 19,
    "gamesWon": 152,
    "ranking": 4,
    "points": 6980,
    "roundReached": 7,
    "name": "Murray A."
  },
  {
    "matchesWon": 0,
    "setsWon": 0,
    "gamesWon": 6,
    "ranking": 47,
    "points": 885,
    "roundReached": 1,
    "name": "Davydenko N."
  },
  {
    "matchesWon": 1,
    "setsWon": 3,
    "gamesWon": 39,
    "ranking": 88,
    "points": 595,
    "roundReached": 2,
    "name": "Phau B."
  },
  {
    "matchesWon": 0,
    "setsWon": 2,
    "gamesWon": 23,
    "ranking": 135,
    "points": 404,
    "roundReached": 1,
    "name": "Odesnik W."
  },
  {
    "matchesWon": 1,
    "setsWon": 4,
    "gamesWon": 41,
    "ranking": 22,
    "points": 1540,
    "roundReached": 2,
    "name": "Raonic M."
  },
  {
    "matchesWon": 0,
    "setsWon": 0,
    "gamesWon": 12,
    "ranking": 45,
    "points": 923,
    "roundReached": 1,
    "name": "Giraldo S."
  },
  {
    "matchesWon": 1,
    "setsWon": 3,
    "gamesWon": 28,
    "ranking": 49,
    "points": 855,
    "roundReached": 2,
    "name": "Kubot L."
  },
  {
    "matchesWon": 0,
    "setsWon": 0,
    "gamesWon": 12,
    "ranking": 65,
    "points": 701,
    "roundReached": 1,
    "name": "Ito T."
  },
  {
    "matchesWon": 1,
    "setsWon": 5,
    "gamesWon": 50,
    "ranking": 35,
    "points": 1147,
    "roundReached": 2,
    "name": "Melzer J."
  },
  {
    "matchesWon": 0,
    "setsWon": 2,
    "gamesWon": 28,
    "ranking": 24,
    "points": 1505,
    "roundReached": 1,
    "name": "Wawrinka S."
  },
  {
    "matchesWon": 4,
    "setsWon": 13,
    "gamesWon": 100,
    "ranking": 5,
    "points": 5250,
    "roundReached": 5,
    "name": "Ferrer D."
  },
  {
    "matchesWon": 0,
    "setsWon": 0,
    "gamesWon": 14,
    "ranking": 164,
    "points": 317,
    "roundReached": 1,
    "name": "Brown D."
  },
  {
    "matchesWon": 1,
    "setsWon": 4,
    "gamesWon": 39,
    "ranking": 59,
    "points": 786,
    "roundReached": 2,
    "name": "Karlovic I."
  },
  {
    "matchesWon": 0,
    "setsWon": 0,
    "gamesWon": 14,
    "ranking": 108,
    "points": 509,
    "roundReached": 1,
    "name": "Sela D."
  },
  {
    "matchesWon": 2,
    "setsWon": 7,
    "gamesWon": 58,
    "ranking": 25,
    "points": 1395,
    "roundReached": 3,
    "name": "Roddick A."
  },
  {
    "matchesWon": 0,
    "setsWon": 0,
    "gamesWon": 15,
    "ranking": 186,
    "points": 275,
    "roundReached": 1,
    "name": "Baker J."
  }
]